"Symbol,Series,Date,PrevClose,OpenPrice,HighPrice,LowPrice,LastPrice,ClosePrice,AveragePrice,TotalTradedQuantity,Turnover,DeliverableQty,trade,burga,"																			
"HDFCBANK,""EQ"",""03-May-2023"",""1,687.25"",""1,684.95"",""1,696.00"",""1,679.65"",""1,693.95"",""1,693.15"",""1,687.29"",""1,47,03,635"",""24,80,92,69,719.05"",""1,76,478"",""29,87,497"",""20.32"""																			
"HDFCBANK,""EQ"",""04-May-2023"",""1,693.15"",""1,687.10"",""1,734.45"",""1,687.10"",""1,729.00"",""1,727.80"",""1,712.72"",""2,84,27,319"",""48,68,79,68,070.25"",""2,55,713"",""65,63,905"",""23.09"""																			
"HDFCBANK,""EQ"",""05-May-2023"",""1,727.80"",""1,639.00"",""1,660.95"",""1,622.10"",""1,626.95"",""1,625.65"",""1,640.31"",""3,13,85,208"",""51,48,13,96,583.70"",""6,97,018"",""1,70,89,608"",""54.45"""																			
"HDFCBANK,""EQ"",""08-May-2023"",""1,625.65"",""1,635.00"",""1,650.35"",""1,630.00"",""1,646.75"",""1,644.45"",""1,645.52"",""1,86,22,262"",""30,64,32,51,208.65"",""2,40,839"",""48,62,261"",""26.11"""																			
"HDFCBANK,""EQ"",""09-May-2023"",""1,644.45"",""1,649.90"",""1,656.00"",""1,639.95"",""1,642.75"",""1,644.50"",""1,649.29"",""2,18,44,469"",""36,02,79,43,472.75"",""2,70,463"",""57,28,006"",""26.22"""																			
"HDFCBANK,""EQ"",""10-May-2023"",""1,644.50"",""1,644.50"",""1,654.65"",""1,633.10"",""1,652.30"",""1,652.10"",""1,644.49"",""2,31,70,275"",""38,10,33,10,084.95"",""2,28,151"",""50,86,170"",""21.95"""																			
"HDFCBANK,""EQ"",""11-May-2023"",""1,652.10"",""1,665.15"",""1,688.00"",""1,649.25"",""1,655.00"",""1,653.20"",""1,656.04"",""1,78,67,309"",""29,58,89,45,347.95"",""2,19,658"",""39,88,602"",""22.32"""																			
"HDFCBANK,""EQ"",""12-May-2023"",""1,653.20"",""1,647.00"",""1,672.80"",""1,644.25"",""1,667.95"",""1,667.80"",""1,662.68"",""1,12,39,380"",""18,68,75,07,675.25"",""2,00,542"",""30,11,860"",""26.80"""																			
"HDFCBANK,""EQ"",""15-May-2023"",""1,667.80"",""1,672.00"",""1,680.75"",""1,665.10"",""1,677.00"",""1,675.80"",""1,676.61"",""92,56,130"",""15,51,89,20,431.50"",""2,04,219"",""32,46,381"",""35.07"""																			
"HDFCBANK,""EQ"",""16-May-2023"",""1,675.80"",""1,671.80"",""1,671.80"",""1,644.00"",""1,646.00"",""1,647.30"",""1,654.31"",""1,63,61,043"",""27,06,63,15,642.35"",""2,36,552"",""46,93,548"",""28.69"""																			z
"HDFCBANK,""EQ"",""17-May-2023"",""1,647.30"",""1,650.00"",""1,650.00"",""1,625.35"",""1,640.85"",""1,638.45"",""1,638.82"",""1,52,33,434"",""24,96,49,17,751.70"",""2,24,112"",""32,09,871"",""21.07"""																			
"HDFCBANK,""EQ"",""18-May-2023"",""1,638.45"",""1,648.00"",""1,653.95"",""1,640.00"",""1,644.50"",""1,645.00"",""1,646.05"",""2,48,23,471"",""40,86,05,59,448.95"",""2,78,185"",""48,76,002"",""19.64"""																			
"HDFCBANK,""EQ"",""19-May-2023"",""1,645.00"",""1,648.00"",""1,650.00"",""1,631.55"",""1,646.50"",""1,646.90"",""1,641.50"",""1,52,30,166"",""25,00,03,35,648.35"",""1,97,258"",""35,31,945"",""23.19"""																			
"HDFCBANK,""EQ"",""22-May-2023"",""1,646.90"",""1,645.00"",""1,652.90"",""1,632.70"",""1,638.45"",""1,641.05"",""1,641.70"",""1,41,67,016"",""23,25,79,23,466.55"",""2,04,936"",""28,96,707"",""20.45"""																			
"HDFCBANK,""EQ"",""23-May-2023"",""1,641.05"",""1,649.00"",""1,649.60"",""1,633.45"",""1,634.05"",""1,637.20"",""1,641.32"",""1,12,35,037"",""18,44,03,00,706.25"",""1,98,675"",""21,42,827"",""19.07"""																			
"HDFCBANK,""EQ"",""24-May-2023"",""1,637.20"",""1,627.55"",""1,634.75"",""1,613.60"",""1,615.00"",""1,615.80"",""1,624.67"",""1,67,94,056"",""27,28,48,71,539.45"",""2,98,545"",""58,75,912"",""34.99"""																			
"HDFCBANK,""EQ"",""25-May-2023"",""1,615.80"",""1,615.70"",""1,620.05"",""1,597.35"",""1,613.35"",""1,609.60"",""1,606.52"",""1,48,88,465"",""23,91,85,72,885.90"",""3,18,672"",""49,45,842"",""33.22"""																			
"HDFCBANK,""EQ"",""26-May-2023"",""1,609.60"",""1,619.00"",""1,619.00"",""1,602.25"",""1,617.00"",""1,615.80"",""1,611.17"",""1,33,17,533"",""21,45,68,49,112.15"",""2,47,378"",""56,58,462"",""42.49"""																			
"HDFCBANK,""EQ"",""29-May-2023"",""1,615.80"",""1,628.50"",""1,641.00"",""1,624.85"",""1,630.00"",""1,635.50"",""1,636.20"",""1,09,08,146"",""17,84,79,15,681.45"",""2,07,071"",""31,51,605"",""28.89"""																			
"HDFCBANK,""EQ"",""30-May-2023"",""1,635.50"",""1,633.60"",""1,642.65"",""1,628.55"",""1,640.80"",""1,636.75"",""1,633.96"",""1,85,62,964"",""30,33,11,62,063.85"",""2,64,829"",""34,53,800"",""18.61"""																			
"HDFCBANK,""EQ"",""31-May-2023"",""1,636.75"",""1,629.90"",""1,634.95"",""1,604.65"",""1,611.20"",""1,610.85"",""1,613.25"",""2,16,67,135"",""34,95,45,11,959.60"",""2,91,055"",""66,42,898"",""30.66"""																			
"HDFCBANK,""EQ"",""01-Jun-2023"",""1,610.85"",""1,619.90"",""1,619.90"",""1,600.00"",""1,601.00"",""1,604.00"",""1,612.23"",""2,51,83,469"",""40,60,14,23,757.55"",""2,82,772"",""54,95,345"",""21.82"""																			
"HDFCBANK,""EQ"",""02-Jun-2023"",""1,604.00"",""1,612.45"",""1,614.80"",""1,601.00"",""1,605.50"",""1,606.50"",""1,607.62"",""89,29,855"",""14,35,58,01,663.75"",""3,16,938"",""32,88,557"",""36.83"""																			
"HDFCBANK,""EQ"",""05-Jun-2023"",""1,606.50"",""1,614.50"",""1,616.50"",""1,602.45"",""1,604.05"",""1,604.40"",""1,610.46"",""93,48,621"",""15,05,56,21,088.80"",""1,53,663"",""28,90,771"",""30.92"""																			
"HDFCBANK,""EQ"",""06-Jun-2023"",""1,604.40"",""1,607.65"",""1,609.85"",""1,592.25"",""1,605.00"",""1,599.40"",""1,598.09"",""1,60,91,426"",""25,71,56,16,381.45"",""2,33,706"",""50,98,265"",""31.68"""																			
"HDFCBANK,""EQ"",""07-Jun-2023"",""1,599.40"",""1,603.45"",""1,612.55"",""1,596.00"",""1,611.50"",""1,607.70"",""1,602.11"",""1,24,74,513"",""19,98,55,40,209.25"",""1,76,230"",""39,34,644"",""31.54"""																			
"HDFCBANK,""EQ"",""08-Jun-2023"",""1,607.70"",""1,603.25"",""1,626.00"",""1,603.25"",""1,608.35"",""1,608.70"",""1,617.05"",""1,86,97,761"",""30,23,52,56,021.30"",""2,68,888"",""53,30,369"",""28.51"""																			
"HDFCBANK,""EQ"",""09-Jun-2023"",""1,608.70"",""1,615.90"",""1,618.50"",""1,607.00"",""1,609.50"",""1,610.60"",""1,613.79"",""91,06,289"",""14,69,56,39,541.25"",""1,85,235"",""29,48,383"",""32.38"""																			
"HDFCBANK,""EQ"",""12-Jun-2023"",""1,610.60"",""1,612.55"",""1,615.80"",""1,599.45"",""1,600.90"",""1,600.80"",""1,604.34"",""67,04,146"",""10,75,57,48,258.60"",""1,56,138"",""31,88,691"",""47.56"""																			
"HDFCBANK,""EQ"",""13-Jun-2023"",""1,600.80"",""1,590.10"",""1,609.00"",""1,590.10"",""1,607.95"",""1,603.50"",""1,602.57"",""1,39,63,054"",""22,37,68,05,987.05"",""1,84,386"",""61,79,907"",""44.26"""																			
"HDFCBANK,""EQ"",""14-Jun-2023"",""1,603.50"",""1,610.45"",""1,612.00"",""1,600.20"",""1,601.75"",""1,601.75"",""1,606.76"",""1,00,56,984"",""16,15,91,16,681.25"",""1,74,004"",""44,18,111"",""43.93"""																			
"HDFCBANK,""EQ"",""15-Jun-2023"",""1,601.75"",""1,604.00"",""1,605.95"",""1,579.00"",""1,580.55"",""1,582.05"",""1,590.41"",""1,76,88,738"",""28,13,24,06,376.20"",""2,71,848"",""59,65,872"",""33.73"""																			
"HDFCBANK,""EQ"",""16-Jun-2023"",""1,582.05"",""1,587.15"",""1,609.20"",""1,584.00"",""1,602.50"",""1,602.75"",""1,598.25"",""78,89,636"",""12,60,95,94,950.00"",""1,81,546"",""42,48,458"",""53.85"""																			
"HDFCBANK,""EQ"",""19-Jun-2023"",""1,602.75"",""1,611.00"",""1,614.25"",""1,598.35"",""1,604.90"",""1,604.15"",""1,606.00"",""1,24,14,573"",""19,93,77,59,557.10"",""1,62,051"",""43,83,742"",""35.31"""																			
"HDFCBANK,""EQ"",""20-Jun-2023"",""1,604.15"",""1,604.15"",""1,611.00"",""1,590.65"",""1,609.40"",""1,607.50"",""1,599.68"",""1,00,02,813"",""16,00,12,91,895.20"",""2,87,119"",""42,73,291"",""42.72"""																			
"HDFCBANK,""EQ"",""21-Jun-2023"",""1,607.50"",""1,616.00"",""1,637.25"",""1,611.00"",""1,635.55"",""1,635.60"",""1,628.22"",""1,21,54,473"",""19,79,01,44,100.50"",""2,76,058"",""56,96,387"",""46.87"""																			
"HDFCBANK,""EQ"",""22-Jun-2023"",""1,635.60"",""1,640.00"",""1,657.55"",""1,639.05"",""1,644.80"",""1,643.60"",""1,646.70"",""2,82,98,070"",""46,59,85,24,688.10"",""3,67,511"",""1,00,15,810"",""35.39"""																			
"HDFCBANK,""EQ"",""23-Jun-2023"",""1,643.60"",""1,637.55"",""1,659.90"",""1,634.05"",""1,642.90"",""1,643.50"",""1,649.49"",""1,06,69,609"",""17,59,94,09,604.40"",""2,48,242"",""47,58,035"",""44.59"""																			
"HDFCBANK,""EQ"",""26-Jun-2023"",""1,643.50"",""1,645.00"",""1,650.75"",""1,628.70"",""1,635.70"",""1,635.55"",""1,637.33"",""80,65,157"",""13,20,53,20,442.40"",""1,99,872"",""43,28,332"",""53.67"""																			
"HDFCBANK,""EQ"",""27-Jun-2023"",""1,635.55"",""1,642.95"",""1,672.90"",""1,638.55"",""1,658.25"",""1,658.60"",""1,654.06"",""1,69,15,932"",""27,97,99,20,820.40"",""3,14,003"",""85,17,518"",""50.35"""																			
"HDFCBANK,""EQ"",""28-Jun-2023"",""1,658.60"",""1,670.00"",""1,679.90"",""1,660.50"",""1,673.10"",""1,676.15"",""1,673.30"",""2,97,81,475"",""49,83,32,44,547.95"",""4,39,006"",""1,68,87,785"",""56.71"""																			
"HDFCBANK,""EQ"",""30-Jun-2023"",""1,676.15"",""1,704.00"",""1,708.80"",""1,683.25"",""1,700.75"",""1,701.40"",""1,698.70"",""2,03,49,508"",""34,56,76,75,938.75"",""3,26,058"",""1,47,89,780"",""72.68"""																			
"HDFCBANK,""EQ"",""03-Jul-2023"",""1,701.40"",""1,712.50"",""1,757.50"",""1,710.00"",""1,721.00"",""1,719.80"",""1,733.31"",""2,20,52,058"",""38,22,31,61,666.50"",""5,40,520"",""1,15,12,012"",""52.20"""																			
"HDFCBANK,""EQ"",""04-Jul-2023"",""1,719.80"",""1,723.45"",""1,747.00"",""1,713.80"",""1,725.00"",""1,728.20"",""1,731.04"",""1,93,97,594"",""33,57,79,54,092.40"",""3,79,487"",""77,95,269"",""40.19"""																			
"HDFCBANK,""EQ"",""05-Jul-2023"",""1,728.20"",""1,716.25"",""1,720.00"",""1,668.55"",""1,676.60"",""1,673.30"",""1,681.63"",""1,85,82,877"",""31,24,95,28,816.15"",""4,77,385"",""94,31,298"",""50.75"""																			
"HDFCBANK,""EQ"",""06-Jul-2023"",""1,673.30"",""1,673.00"",""1,687.85"",""1,660.40"",""1,674.80"",""1,675.00"",""1,674.63"",""2,60,78,272"",""43,67,15,47,685.50"",""3,77,109"",""79,30,745"",""30.41"""																			
"HDFCBANK,""EQ"",""07-Jul-2023"",""1,675.00"",""1,665.00"",""1,675.00"",""1,656.30"",""1,659.90"",""1,660.40"",""1,663.54"",""99,63,168"",""16,57,41,55,973.95"",""3,20,533"",""38,63,511"",""38.78"""																			
"HDFCBANK,""EQ"",""10-Jul-2023"",""1,660.40"",""1,661.00"",""1,676.75"",""1,649.70"",""1,658.00"",""1,656.45"",""1,659.09"",""1,91,99,221"",""31,85,31,62,737.15"",""3,17,755"",""39,19,467"",""20.41"""																			
"HDFCBANK,""EQ"",""11-Jul-2023"",""1,656.45"",""1,663.00"",""1,676.00"",""1,645.50"",""1,650.00"",""1,648.40"",""1,664.90"",""2,53,35,213"",""42,18,04,75,745.65"",""3,79,237"",""74,17,565"",""29.28"""																			
"HDFCBANK,""EQ"",""12-Jul-2023"",""1,648.40"",""1,655.35"",""1,666.30"",""1,627.15"",""1,636.00"",""1,632.95"",""1,643.87"",""3,54,79,179"",""58,32,32,00,837.30"",""4,98,866"",""2,00,20,165"",""56.43"""																			
"HDFCBANK,""EQ"",""13-Jul-2023"",""1,632.95"",""1,656.70"",""1,657.45"",""1,638.05"",""1,644.55"",""1,641.10"",""1,648.62"",""2,09,56,773"",""34,54,98,48,532.65"",""4,32,632"",""54,98,771"",""26.24"""																			
"HDFCBANK,""EQ"",""14-Jul-2023"",""1,641.10"",""1,653.60"",""1,653.60"",""1,635.00"",""1,645.60"",""1,644.50"",""1,642.71"",""1,23,63,607"",""20,30,98,76,686.30"",""4,62,491"",""62,76,284"",""50.76"""																			
"HDFCBANK,""EQ"",""17-Jul-2023"",""1,644.50"",""1,650.00"",""1,682.00"",""1,633.00"",""1,678.35"",""1,678.90"",""1,660.51"",""2,46,26,464"",""40,89,25,07,962.10"",""4,35,163"",""99,84,310"",""40.54"""																			
"HDFCBANK,""W3"",""17-Jul-2023"",""557.25"",""560.00"",""612.95"",""560.00"",""612.95"",""612.95"",""588.20"",""66,600"",""3,91,73,820.00"",""95"",""59,400"",""89.19"""																			
"HDFCBANK,""BL"",""18-Jul-2023"",""1,644.50"",""1,678.90"",""1,678.90"",""1,678.90"",""1,678.90"",""1,678.90"",""1,678.90"",""2,73,810"",""45,96,99,609.00"",""1"",""-"",""-"""																			
"HDFCBANK,""EQ"",""18-Jul-2023"",""1,678.90"",""1,698.00"",""1,704.00"",""1,670.00"",""1,678.00"",""1,677.50"",""1,683.83"",""4,05,38,409"",""68,25,98,72,564.30"",""7,04,526"",""1,65,99,436"",""40.95"""																			
"HDFCBANK,""W3"",""18-Jul-2023"",""612.95"",""665.00"",""670.00"",""622.00"",""635.00"",""631.20"",""642.55"",""1,42,200"",""9,13,71,030.00"",""205"",""1,15,800"",""81.43"""																			
"HDFCBANK,""EQ"",""19-Jul-2023"",""1,677.50"",""1,681.10"",""1,688.75"",""1,675.00"",""1,684.75"",""1,685.10"",""1,682.45"",""1,64,67,567"",""27,70,59,15,264.20"",""4,27,479"",""63,04,659"",""38.29"""																			
"HDFCBANK,""W3"",""19-Jul-2023"",""631.20"",""635.00"",""647.00"",""631.00"",""645.00"",""644.75"",""636.25"",""1,37,400"",""8,74,20,150.00"",""160"",""1,12,200"",""81.66"""																			
"HDFCBANK,""EQ"",""20-Jul-2023"",""1,685.10"",""1,681.15"",""1,692.00"",""1,680.00"",""1,688.90"",""1,688.75"",""1,686.08"",""2,81,05,474"",""47,38,80,96,303.30"",""4,33,278"",""1,31,78,804"",""46.89"""																			
"HDFCBANK,""W3"",""20-Jul-2023"",""644.75"",""640.50"",""654.00"",""640.50"",""650.00"",""650.10"",""649.85"",""3,44,400"",""22,38,09,240.00"",""303"",""3,29,400"",""95.64"""																			
"HDFCBANK,""EQ"",""21-Jul-2023"",""1,688.75"",""1,680.00"",""1,689.80"",""1,673.25"",""1,677.75"",""1,675.75"",""1,680.80"",""2,10,77,124"",""35,42,64,65,573.70"",""3,37,174"",""1,13,44,016"",""53.82"""																			
"HDFCBANK,""W3"",""21-Jul-2023"",""650.10"",""650.00"",""652.00"",""635.00"",""639.00"",""638.00"",""641.15"",""3,18,600"",""20,42,71,710.00"",""294"",""2,85,000"",""89.45"""																			
"HDFCBANK,""EQ"",""24-Jul-2023"",""1,675.75"",""1,678.50"",""1,684.65"",""1,670.10"",""1,679.50"",""1,678.40"",""1,677.75"",""1,60,89,722"",""26,99,45,70,123.70"",""2,96,190"",""90,94,607"",""56.52"""																			
"HDFCBANK,""W3"",""24-Jul-2023"",""638.00"",""638.00"",""645.00"",""620.00"",""637.00"",""637.25"",""632.73"",""84,000"",""5,31,49,500.00"",""102"",""76,200"",""90.71"""																			
"HDFCBANK,""EQ"",""25-Jul-2023"",""1,678.40"",""1,684.65"",""1,699.00"",""1,678.40"",""1,694.55"",""1,696.60"",""1,692.19"",""2,79,96,298"",""47,37,50,21,905.75"",""5,34,396"",""1,01,39,007"",""36.22"""																			
"HDFCBANK,""W3"",""25-Jul-2023"",""637.25"",""640.00"",""661.90"",""640.00"",""661.00"",""660.60"",""648.78"",""4,45,200"",""28,88,38,980.00"",""609"",""3,93,600"",""88.41"""																			
"HDFCBANK,""EQ"",""26-Jul-2023"",""1,696.60"",""1,699.60"",""1,699.60"",""1,688.00"",""1,689.30"",""1,690.70"",""1,692.97"",""1,23,97,179"",""20,98,80,22,760.35"",""2,51,108"",""57,93,581"",""46.73"""																			
"HDFCBANK,""W3"",""26-Jul-2023"",""660.60"",""654.95"",""660.00"",""647.40"",""650.95"",""652.25"",""653.92"",""78,600"",""5,13,97,770.00"",""118"",""68,400"",""87.02"""																			
"HDFCBANK,""EQ"",""27-Jul-2023"",""1,690.70"",""1,699.90"",""1,703.00"",""1,667.45"",""1,676.95"",""1,673.15"",""1,681.08"",""2,98,70,651"",""50,21,48,60,523.75"",""5,06,283"",""1,42,26,217"",""47.63"""																			
"HDFCBANK,""W3"",""27-Jul-2023"",""652.25"",""669.00"",""670.50"",""624.00"",""630.00"",""630.65"",""646.87"",""76,800"",""4,96,79,310.00"",""112"",""54,600"",""71.09"""																			
"HDFCBANK,""EQ"",""28-Jul-2023"",""1,673.15"",""1,661.50"",""1,668.90"",""1,641.10"",""1,642.90"",""1,643.50"",""1,649.58"",""2,05,07,842"",""33,82,93,21,793.55"",""4,22,378"",""1,35,10,158"",""65.88"""																			
"HDFCBANK,""W3"",""28-Jul-2023"",""630.65"",""601.00"",""604.95"",""579.00"",""579.00"",""581.85"",""591.01"",""1,70,400"",""10,07,08,050.00"",""229"",""1,08,000"",""63.38"""																			
"HDFCBANK,""EQ"",""31-Jul-2023"",""1,643.50"",""1,650.05"",""1,656.80"",""1,638.70"",""1,650.00"",""1,651.20"",""1,649.01"",""1,72,82,503"",""28,49,90,54,865.30"",""4,34,555"",""94,57,401"",""54.72"""																			
"HDFCBANK,""W3"",""31-Jul-2023"",""581.85"",""585.00"",""596.25"",""580.05"",""589.00"",""591.15"",""587.10"",""1,55,400"",""9,12,34,740.00"",""240"",""1,44,600"",""93.05"""																			
"HDFCBANK,""EQ"",""01-Aug-2023"",""1,651.20"",""1,654.45"",""1,667.45"",""1,650.00"",""1,660.00"",""1,662.25"",""1,659.39"",""1,76,97,094"",""29,36,64,53,399.30"",""3,85,496"",""57,58,362"",""32.54"""																			
"HDFCBANK,""W3"",""01-Aug-2023"",""591.15"",""594.00"",""605.95"",""586.00"",""601.20"",""603.80"",""599.10"",""3,56,400"",""21,35,19,120.00"",""533"",""3,00,000"",""84.18"""																			
"HDFCBANK,""EQ"",""02-Aug-2023"",""1,662.25"",""1,642.00"",""1,651.50"",""1,633.15"",""1,641.90"",""1,640.50"",""1,644.34"",""1,40,58,161"",""23,11,63,46,478.45"",""3,80,609"",""65,88,171"",""46.86"""																			
"HDFCBANK,""W3"",""02-Aug-2023"",""603.80"",""582.00"",""589.90"",""567.25"",""579.00"",""578.20"",""581.87"",""3,02,400"",""17,59,56,540.00"",""408"",""2,88,600"",""95.44"""																			
"HDFCBANK,""EQ"",""03-Aug-2023"",""1,640.50"",""1,640.00"",""1,651.35"",""1,623.00"",""1,632.60"",""1,628.65"",""1,633.08"",""2,88,36,973"",""47,09,31,13,412.85"",""4,39,722"",""96,06,761"",""33.31"""																			
"HDFCBANK,""W3"",""03-Aug-2023"",""578.20"",""585.00"",""593.00"",""552.00"",""566.00"",""564.95"",""571.50"",""4,46,400"",""25,51,19,700.00"",""484"",""3,84,600"",""86.16"""																			
"HDFCBANK,""EQ"",""04-Aug-2023"",""1,628.65"",""1,635.15"",""1,656.50"",""1,629.25"",""1,652.85"",""1,652.20"",""1,641.73"",""1,86,94,152"",""30,69,07,12,012.15"",""3,10,206"",""57,85,079"",""30.95"""																			
"HDFCBANK,""W3"",""04-Aug-2023"",""564.95"",""568.10"",""604.00"",""563.00"",""598.00"",""598.15"",""578.06"",""6,13,800"",""35,48,16,240.00"",""155"",""5,95,200"",""96.97"""																			
"HDFCBANK,""EQ"",""07-Aug-2023"",""1,652.20"",""1,663.10"",""1,663.10"",""1,647.55"",""1,651.00"",""1,651.25"",""1,653.09"",""1,41,50,459"",""23,39,19,43,678.55"",""2,56,889"",""56,47,029"",""39.91"""																			
"HDFCBANK,""W3"",""07-Aug-2023"",""598.15"",""605.00"",""611.95"",""595.00"",""602.00"",""604.50"",""602.08"",""4,00,200"",""24,09,53,550.00"",""261"",""3,65,400"",""91.30"""																			
"HDFCBANK,""EQ"",""08-Aug-2023"",""1,651.25"",""1,651.70"",""1,655.60"",""1,642.05"",""1,649.00"",""1,649.90"",""1,650.13"",""2,18,86,914"",""36,11,62,74,511.30"",""3,00,979"",""74,01,918"",""33.82"""																			
"HDFCBANK,""W3"",""08-Aug-2023"",""604.50"",""609.00"",""609.00"",""594.05"",""600.05"",""600.50"",""601.90"",""61,800"",""3,71,97,630.00"",""60"",""49,800"",""80.58"""																			
"HDFCBANK,""EQ"",""09-Aug-2023"",""1,649.90"",""1,653.00"",""1,654.50"",""1,631.10"",""1,652.70"",""1,650.50"",""1,640.24"",""1,66,80,618"",""27,36,02,30,365.00"",""2,28,397"",""55,46,894"",""33.25"""																			
"HDFCBANK,""W3"",""09-Aug-2023"",""600.50"",""565.00"",""598.00"",""565.00"",""596.50"",""594.15"",""583.23"",""43,200"",""2,51,95,680.00"",""54"",""22,200"",""51.39"""																			
"HDFCBANK,""BL"",""10-Aug-2023"",""1,678.90"",""1,650.50"",""1,650.50"",""1,650.50"",""1,650.50"",""1,650.50"",""1,650.50"",""1,12,425"",""18,55,57,462.50"",""1"",""-"",""-"""																			
"HDFCBANK,""EQ"",""10-Aug-2023"",""1,650.50"",""1,647.05"",""1,654.25"",""1,631.00"",""1,638.00"",""1,635.85"",""1,638.99"",""2,53,90,559"",""41,61,49,59,546.45"",""3,32,263"",""68,35,898"",""26.92"""																			
"HDFCBANK,""EQ"",""11-Aug-2023"",""1,635.85"",""1,638.40"",""1,638.40"",""1,616.20"",""1,620.90"",""1,618.80"",""1,625.76"",""1,41,12,911"",""22,94,42,47,784.10"",""2,71,050"",""59,68,867"",""42.29"""																			
"HDFCBANK,""EQ"",""14-Aug-2023"",""1,618.80"",""1,611.00"",""1,615.00"",""1,600.25"",""1,608.50"",""1,610.90"",""1,608.96"",""1,56,52,205"",""25,18,37,94,816.50"",""3,49,385"",""62,96,942"",""40.23"""																			
"HDFCBANK,""EQ"",""16-Aug-2023"",""1,610.90"",""1,583.10"",""1,609.65"",""1,581.30"",""1,604.35"",""1,606.20"",""1,596.67"",""1,70,68,771"",""27,25,31,51,750.90"",""3,00,850"",""74,82,636"",""43.84"""																			
"HDFCBANK,""EQ"",""17-Aug-2023"",""1,606.20"",""1,597.60"",""1,609.90"",""1,594.00"",""1,595.00"",""1,597.30"",""1,600.21"",""2,64,42,020"",""42,31,28,60,300.10"",""4,00,922"",""94,05,436"",""35.57"""																			
"HDFCBANK,""EQ"",""18-Aug-2023"",""1,597.30"",""1,587.55"",""1,596.30"",""1,585.50"",""1,588.70"",""1,590.75"",""1,590.59"",""1,28,16,683"",""20,38,61,33,002.30"",""2,82,239"",""58,30,172"",""45.49"""																			
"HDFCBANK,""EQ"",""21-Aug-2023"",""1,590.75"",""1,600.50"",""1,600.50"",""1,587.00"",""1,587.80"",""1,589.50"",""1,593.07"",""1,09,18,635"",""17,39,41,09,160.45"",""2,41,780"",""49,67,663"",""45.50"""																			
"HDFCBANK,""EQ"",""22-Aug-2023"",""1,589.50"",""1,596.35"",""1,598.00"",""1,580.00"",""1,581.45"",""1,582.70"",""1,588.09"",""1,61,36,785"",""25,62,67,13,594.35"",""4,20,291"",""68,03,467"",""42.16"""																			
"HDFCBANK,""EQ"",""23-Aug-2023"",""1,582.70"",""1,580.00"",""1,590.55"",""1,573.25"",""1,588.50"",""1,586.60"",""1,581.99"",""1,82,49,294"",""28,87,01,23,207.45"",""3,29,674"",""1,03,07,529"",""56.48"""																			
"HDFCBANK,""EQ"",""24-Aug-2023"",""1,586.60"",""1,593.30"",""1,596.20"",""1,576.15"",""1,579.60"",""1,579.30"",""1,583.60"",""2,15,72,896"",""34,16,27,75,004.65"",""3,97,769"",""73,52,169"",""34.08"""																			
"HDFCBANK,""EQ"",""25-Aug-2023"",""1,579.30"",""1,574.55"",""1,577.50"",""1,558.40"",""1,559.20"",""1,561.50"",""1,564.93"",""1,50,34,878"",""23,52,84,89,943.80"",""3,50,735"",""87,64,737"",""58.30"""																			
"HDFCBANK,""EQ"",""28-Aug-2023"",""1,561.50"",""1,561.50"",""1,582.65"",""1,561.50"",""1,578.00"",""1,577.75"",""1,574.43"",""1,44,33,619"",""22,72,46,92,200.70"",""2,89,068"",""80,43,360"",""55.73"""																			
"HDFCBANK,""EQ"",""29-Aug-2023"",""1,577.75"",""1,589.70"",""1,592.65"",""1,581.45"",""1,591.25"",""1,590.30"",""1,588.37"",""1,77,69,466"",""28,22,44,20,149.05"",""3,41,561"",""92,26,802"",""51.93"""																			
"HDFCBANK,""EQ"",""30-Aug-2023"",""1,590.30"",""1,603.95"",""1,603.95"",""1,573.70"",""1,579.00"",""1,578.70"",""1,589.56"",""1,40,42,102"",""22,32,07,81,696.10"",""2,97,743"",""74,65,190"",""53.16"""																			
"HDFCBANK,""EQ"",""31-Aug-2023"",""1,578.70"",""1,579.00"",""1,583.15"",""1,563.10"",""1,577.00"",""1,571.45"",""1,570.99"",""5,00,37,886"",""78,60,89,31,136.20"",""4,19,748"",""2,73,44,438"",""54.65"""																			
"HDFCBANK,""EQ"",""01-Sep-2023"",""1,571.45"",""1,571.00"",""1,579.00"",""1,559.35"",""1,573.75"",""1,574.70"",""1,569.33"",""2,16,13,388"",""33,91,85,08,405.30"",""4,50,304"",""1,17,12,682"",""54.19"""																			
"HDFCBANK,""EQ"",""04-Sep-2023"",""1,574.70"",""1,590.00"",""1,591.45"",""1,574.90"",""1,584.50"",""1,584.55"",""1,582.03"",""1,25,36,819"",""19,83,36,66,505.30"",""2,36,702"",""68,78,890"",""54.87"""																			
"HDFCBANK,""EQ"",""05-Sep-2023"",""1,584.55"",""1,588.40"",""1,588.40"",""1,570.60"",""1,575.00"",""1,574.90"",""1,576.27"",""1,93,56,041"",""30,51,03,14,620.10"",""4,07,651"",""73,19,213"",""37.81"""																			
"HDFCBANK,""EQ"",""06-Sep-2023"",""1,574.90"",""1,576.80"",""1,600.00"",""1,574.90"",""1,599.00"",""1,595.50"",""1,588.41"",""2,81,60,455"",""44,73,03,93,184.30"",""3,94,705"",""1,02,22,093"",""36.30"""																			
"HDFCBANK,""EQ"",""07-Sep-2023"",""1,595.50"",""1,595.50"",""1,614.00"",""1,587.15"",""1,611.00"",""1,610.85"",""1,601.67"",""1,71,04,171"",""27,39,52,55,131.15"",""2,82,493"",""63,02,758"",""36.85"""																			
"HDFCBANK,""EQ"",""08-Sep-2023"",""1,610.85"",""1,608.30"",""1,632.90"",""1,607.60"",""1,623.20"",""1,623.40"",""1,619.68"",""1,72,51,105"",""27,94,12,56,455.40"",""2,63,597"",""70,88,173"",""41.09"""																			
"HDFCBANK,""EQ"",""11-Sep-2023"",""1,623.40"",""1,628.90"",""1,636.50"",""1,624.00"",""1,633.00"",""1,631.80"",""1,631.32"",""1,57,86,511"",""25,75,28,84,037.25"",""2,90,843"",""1,17,94,625"",""74.71"""																			
"HDFCBANK,""EQ"",""12-Sep-2023"",""1,631.80"",""1,640.00"",""1,642.90"",""1,625.05"",""1,636.00"",""1,636.90"",""1,635.47"",""1,95,16,670"",""31,91,89,59,857.45"",""3,10,906"",""84,20,128"",""43.14"""																			
"HDFCBANK,""EQ"",""13-Sep-2023"",""1,636.90"",""1,631.30"",""1,651.60"",""1,628.60"",""1,641.60"",""1,643.90"",""1,643.76"",""2,32,10,047"",""38,15,17,41,645.90"",""3,53,522"",""1,09,13,856"",""47.02"""																			
"HDFCBANK,""EQ"",""14-Sep-2023"",""1,643.90"",""1,644.25"",""1,650.00"",""1,635.10"",""1,643.00"",""1,642.90"",""1,642.38"",""1,17,69,424"",""19,32,98,82,409.25"",""2,69,108"",""45,94,361"",""39.04"""																			
"HDFCBANK,""EQ"",""15-Sep-2023"",""1,642.90"",""1,650.00"",""1,670.00"",""1,650.00"",""1,657.00"",""1,661.75"",""1,660.63"",""8,67,05,601"",""1,43,98,61,31,583.85"",""4,85,971"",""6,21,76,243"",""71.71"""																			
"HDFCBANK,""EQ"",""18-Sep-2023"",""1,661.75"",""1,653.75"",""1,655.00"",""1,626.10"",""1,629.65"",""1,629.05"",""1,636.50"",""1,85,28,144"",""30,32,12,24,693.30"",""2,92,658"",""76,32,991"",""41.20"""																			
"HDFCBANK,""EQ"",""20-Sep-2023"",""1,629.05"",""1,599.00"",""1,599.00"",""1,560.40"",""1,566.00"",""1,563.70"",""1,570.63"",""5,77,37,324"",""90,68,40,80,075.60"",""9,77,717"",""3,52,68,822"",""61.08"""																			
"HDFCBANK,""EQ"",""21-Sep-2023"",""1,563.70"",""1,553.00"",""1,568.95"",""1,537.05"",""1,554.50"",""1,553.35"",""1,555.34"",""3,64,20,721"",""56,64,66,57,569.55"",""6,14,240"",""2,04,39,570"",""56.12"""																			
"HDFCBANK,""EQ"",""22-Sep-2023"",""1,553.35"",""1,559.00"",""1,564.40"",""1,523.75"",""1,530.20"",""1,529.65"",""1,544.59"",""3,08,52,125"",""47,65,39,55,740.50"",""5,48,206"",""2,04,33,576"",""66.23"""																			
"HDFCBANK,""EQ"",""25-Sep-2023"",""1,529.65"",""1,525.00"",""1,540.70"",""1,525.00"",""1,528.90"",""1,531.00"",""1,533.28"",""2,01,04,377"",""30,82,57,20,275.30"",""3,38,863"",""1,42,95,701"",""71.11"""																			
"HDFCBANK,""EQ"",""26-Sep-2023"",""1,531.00"",""1,525.00"",""1,540.00"",""1,525.00"",""1,538.00"",""1,537.65"",""1,535.23"",""1,37,87,654"",""21,16,71,97,917.55"",""3,03,026"",""79,08,660"",""57.36"""																			
"HDFCBANK,""EQ"",""27-Sep-2023"",""1,537.65"",""1,523.00"",""1,532.50"",""1,515.00"",""1,527.45"",""1,526.85"",""1,524.39"",""1,96,69,269"",""29,98,35,98,526.15"",""3,84,553"",""1,35,95,388"",""69.12"""																			
"HDFCBANK,""EQ"",""28-Sep-2023"",""1,526.85"",""1,534.00"",""1,537.60"",""1,518.35"",""1,518.40"",""1,523.70"",""1,526.61"",""2,76,77,094"",""42,25,20,70,128.65"",""3,24,684"",""1,36,38,761"",""49.28"""																			
"HDFCBANK,""EQ"",""29-Sep-2023"",""1,523.70"",""1,523.70"",""1,535.45"",""1,522.30"",""1,525.85"",""1,526.30"",""1,529.20"",""1,60,26,891"",""24,50,83,75,856.50"",""2,74,764"",""93,39,695"",""58.28"""																			
"HDFCBANK,""EQ"",""03-Oct-2023"",""1,526.30"",""1,527.00"",""1,527.00"",""1,506.00"",""1,508.00"",""1,508.05"",""1,511.94"",""1,94,85,847"",""29,46,14,59,601.05"",""4,66,405"",""1,28,69,902"",""66.05"""																			
"HDFCBANK,""EQ"",""04-Oct-2023"",""1,508.05"",""1,495.00"",""1,535.00"",""1,489.25"",""1,532.00"",""1,529.55"",""1,519.36"",""2,73,24,715"",""41,51,59,75,722.85"",""4,65,424"",""1,55,48,264"",""56.90"""																			
"HDFCBANK,""EQ"",""05-Oct-2023"",""1,529.55"",""1,535.05"",""1,551.55"",""1,532.60"",""1,535.85"",""1,535.75"",""1,540.76"",""2,42,56,337"",""37,37,31,76,644.20"",""3,60,029"",""1,74,51,398"",""71.95"""																			
"HDFCBANK,""EQ"",""06-Oct-2023"",""1,535.75"",""1,544.00"",""1,545.00"",""1,529.85"",""1,535.00"",""1,534.05"",""1,539.10"",""88,79,678"",""13,66,66,72,813.35"",""2,21,516"",""59,38,403"",""66.88"""																			
"HDFCBANK,""EQ"",""09-Oct-2023"",""1,534.05"",""1,528.00"",""1,530.00"",""1,512.00"",""1,516.00"",""1,516.25"",""1,517.69"",""82,27,486"",""12,48,67,90,439.80"",""2,19,643"",""56,37,607"",""68.52"""																			
"HDFCBANK,""EQ"",""10-Oct-2023"",""1,516.25"",""1,520.55"",""1,529.00"",""1,515.20"",""1,526.00"",""1,524.85"",""1,523.15"",""1,66,33,146"",""25,33,48,54,412.75"",""3,75,460"",""1,02,96,948"",""61.91"""																			
"HDFCBANK,""EQ"",""11-Oct-2023"",""1,524.85"",""1,530.10"",""1,542.15"",""1,528.50"",""1,542.00"",""1,539.60"",""1,534.92"",""1,56,66,680"",""24,04,71,40,129.10"",""2,82,864"",""95,31,878"",""60.84"""																			
"HDFCBANK,""EQ"",""12-Oct-2023"",""1,539.60"",""1,536.10"",""1,552.00"",""1,531.60"",""1,548.00"",""1,549.85"",""1,541.66"",""1,10,12,668"",""16,97,78,44,444.80"",""2,39,200"",""70,92,056"",""64.40"""																			
"HDFCBANK,""EQ"",""13-Oct-2023"",""1,549.85"",""1,540.00"",""1,548.80"",""1,529.95"",""1,533.50"",""1,535.75"",""1,539.45"",""1,98,72,650"",""30,59,28,84,042.20"",""2,56,367"",""1,38,87,161"",""69.88"""																			
"HDFCBANK,""EQ"",""16-Oct-2023"",""1,535.75"",""1,531.50"",""1,534.45"",""1,520.50"",""1,532.00"",""1,529.60"",""1,529.19"",""89,28,042"",""13,65,26,81,917.00"",""2,23,477"",""53,32,772"",""59.73"""																			
"HDFCBANK,""EQ"",""17-Oct-2023"",""1,529.60"",""1,555.75"",""1,555.75"",""1,535.00"",""1,542.50"",""1,541.20"",""1,542.46"",""1,64,51,279"",""25,37,54,68,422.15"",""3,82,090"",""99,11,443"",""60.25"""																			
"HDFCBANK,""EQ"",""18-Oct-2023"",""1,541.20"",""1,541.20"",""1,541.20"",""1,518.10"",""1,519.00"",""1,519.75"",""1,524.62"",""1,56,08,100"",""23,79,63,58,906.90"",""3,42,915"",""90,49,826"",""57.98"""																			
"HDFCBANK,""EQ"",""19-Oct-2023"",""1,519.75"",""1,505.40"",""1,526.25"",""1,503.20"",""1,514.50"",""1,514.95"",""1,516.62"",""1,51,26,182"",""22,94,06,29,736.40"",""3,31,067"",""91,83,556"",""60.71"""																			
"HDFCBANK,""EQ"",""20-Oct-2023"",""1,514.95"",""1,505.00"",""1,527.00"",""1,505.00"",""1,523.40"",""1,522.80"",""1,519.35"",""1,05,47,005"",""16,02,45,69,217.40"",""2,67,376"",""69,03,339"",""65.45"""																			
"HDFCBANK,""EQ"",""23-Oct-2023"",""1,522.80"",""1,523.50"",""1,528.75"",""1,500.10"",""1,507.00"",""1,506.05"",""1,520.08"",""1,11,88,068"",""17,00,67,38,603.70"",""2,49,005"",""63,65,030"",""56.89"""																			
"HDFCBANK,""EQ"",""25-Oct-2023"",""1,506.05"",""1,521.00"",""1,522.80"",""1,491.45"",""1,494.20"",""1,496.50"",""1,505.86"",""1,41,55,998"",""21,31,69,45,153.10"",""3,72,043"",""1,00,78,087"",""71.19"""																			
"HDFCBANK,""EQ"",""26-Oct-2023"",""1,496.50"",""1,491.25"",""1,492.00"",""1,460.25"",""1,462.45"",""1,463.40"",""1,469.55"",""2,77,80,899"",""40,82,54,80,054.70"",""6,24,140"",""1,63,71,972"",""58.93"""																			
"HDFCBANK,""EQ"",""27-Oct-2023"",""1,463.40"",""1,469.50"",""1,478.00"",""1,466.90"",""1,472.55"",""1,469.15"",""1,470.94"",""1,59,70,266"",""23,49,13,78,766.10"",""2,83,464"",""1,11,20,498"",""69.63"""																			
"HDFCBANK,""EQ"",""30-Oct-2023"",""1,469.15"",""1,463.25"",""1,489.95"",""1,461.90"",""1,487.85"",""1,485.10"",""1,479.49"",""1,16,55,491"",""17,24,41,38,134.55"",""2,69,734"",""71,57,538"",""61.41"""																			
"HDFCBANK,""EQ"",""31-Oct-2023"",""1,485.10"",""1,504.00"",""1,504.00"",""1,474.00"",""1,475.00"",""1,476.50"",""1,482.03"",""1,63,17,412"",""24,18,28,40,370.90"",""4,22,644"",""73,50,202"",""45.05"""																			
"HDFCBANK,""BL"",""01-Nov-2023"",""1,650.50"",""1,476.50"",""1,476.50"",""1,476.50"",""1,476.50"",""1,476.50"",""1,476.50"",""88,838"",""13,11,69,307.00"",""1"",""-"",""-"""																			
"HDFCBANK,""EQ"",""01-Nov-2023"",""1,476.50"",""1,462.25"",""1,477.45"",""1,462.25"",""1,477.00"",""1,474.50"",""1,469.20"",""1,69,38,733"",""24,88,64,25,534.80"",""3,40,052"",""70,38,967"",""41.56"""																			
"HDFCBANK,""EQ"",""02-Nov-2023"",""1,474.50"",""1,485.00"",""1,490.50"",""1,467.15"",""1,478.70"",""1,476.75"",""1,472.27"",""2,26,12,577"",""33,29,18,73,290.70"",""2,60,964"",""1,57,05,946"",""69.46"""																			
"HDFCBANK,""EQ"",""03-Nov-2023"",""1,476.75"",""1,488.00"",""1,491.40"",""1,481.65"",""1,484.50"",""1,483.75"",""1,487.25"",""90,47,670"",""13,45,61,52,900.70"",""2,26,806"",""59,28,328"",""65.52"""																			
"HDFCBANK,""EQ"",""06-Nov-2023"",""1,483.75"",""1,498.00"",""1,498.00"",""1,483.00"",""1,493.80"",""1,494.50"",""1,488.25"",""1,27,96,865"",""19,04,49,45,751.70"",""3,86,836"",""90,45,785"",""70.69"""																			
"HDFCBANK,""EQ"",""07-Nov-2023"",""1,494.50"",""1,494.00"",""1,494.00"",""1,477.20"",""1,490.00"",""1,487.25"",""1,484.48"",""2,09,76,424"",""31,13,90,51,244.05"",""5,85,794"",""93,47,401"",""44.56"""																			
"HDFCBANK,""EQ"",""08-Nov-2023"",""1,487.25"",""1,483.95"",""1,493.45"",""1,481.00"",""1,491.80"",""1,491.55"",""1,489.03"",""1,56,99,773"",""23,37,74,06,572.30"",""4,99,216"",""60,62,315"",""38.61"""																			
"HDFCBANK,""EQ"",""09-Nov-2023"",""1,491.55"",""1,486.00"",""1,492.60"",""1,483.50"",""1,486.50"",""1,485.65"",""1,487.69"",""1,10,58,370"",""16,45,14,04,289.60"",""2,81,527"",""62,63,802"",""56.64"""																			
"HDFCBANK,""EQ"",""10-Nov-2023"",""1,485.65"",""1,480.10"",""1,496.00"",""1,480.05"",""1,495.00"",""1,491.50"",""1,486.67"",""70,07,593"",""10,41,79,71,067.75"",""1,81,055"",""39,24,576"",""56.00"""																			
"HDFCBANK,""EQ"",""12-Nov-2023"",""1,491.50"",""1,500.00"",""1,502.00"",""1,496.15"",""1,499.00"",""1,500.00"",""1,499.50"",""19,75,463"",""2,96,22,07,492.65"",""85,801"",""7,72,458"",""39.10"""																			
"HDFCBANK,""EQ"",""13-Nov-2023"",""1,500.00"",""1,492.10"",""1,495.95"",""1,485.90"",""1,489.00"",""1,488.80"",""1,490.72"",""1,03,02,957"",""15,35,88,48,457.45"",""3,18,892"",""53,82,293"",""52.24"""																			
"HDFCBANK,""EQ"",""15-Nov-2023"",""1,488.80"",""1,504.10"",""1,510.95"",""1,500.55"",""1,504.80"",""1,504.40"",""1,505.70"",""2,06,22,730"",""31,05,15,66,881.50"",""3,31,586"",""1,12,54,599"",""54.57"""																			
"HDFCBANK,""EQ"",""16-Nov-2023"",""1,504.40"",""1,509.70"",""1,519.00"",""1,503.75"",""1,508.00"",""1,508.35"",""1,511.01"",""1,48,56,919"",""22,44,90,02,896.90"",""2,70,257"",""92,11,530"",""62.00"""																			
"HDFCBANK,""EQ"",""17-Nov-2023"",""1,508.35"",""1,490.00"",""1,507.50"",""1,489.00"",""1,505.00"",""1,505.10"",""1,502.48"",""1,18,50,937"",""17,80,58,35,559.30"",""2,98,602"",""79,24,052"",""66.86"""																			
"HDFCBANK,""EQ"",""20-Nov-2023"",""1,505.10"",""1,513.00"",""1,513.00"",""1,501.55"",""1,505.90"",""1,505.20"",""1,505.46"",""96,65,726"",""14,55,13,79,677.65"",""2,00,480"",""57,02,845"",""59.00"""																			
"HDFCBANK,""EQ"",""21-Nov-2023"",""1,505.20"",""1,519.00"",""1,522.00"",""1,512.10"",""1,518.25"",""1,517.95"",""1,517.79"",""1,24,79,986"",""18,94,19,39,824.75"",""2,91,918"",""75,56,905"",""60.55"""																			
"HDFCBANK,""EQ"",""22-Nov-2023"",""1,517.95"",""1,520.00"",""1,520.00"",""1,503.55"",""1,512.90"",""1,512.55"",""1,513.24"",""1,45,61,825"",""22,03,55,95,098.85"",""2,61,084"",""49,91,663"",""34.28"""																			
"HDFCBANK,""EQ"",""23-Nov-2023"",""1,512.55"",""1,508.50"",""1,523.85"",""1,508.50"",""1,521.70"",""1,521.30"",""1,519.21"",""65,23,110"",""9,90,99,95,976.95"",""1,70,796"",""38,34,686"",""58.79"""																			
"HDFCBANK,""EQ"",""24-Nov-2023"",""1,521.30"",""1,521.20"",""1,533.15"",""1,519.85"",""1,531.40"",""1,532.10"",""1,529.01"",""82,34,596"",""12,59,07,57,692.80"",""1,91,494"",""57,71,108"",""70.08"""																			
"HDFCBANK,""EQ"",""28-Nov-2023"",""1,532.10"",""1,535.20"",""1,537.25"",""1,525.80"",""1,530.95"",""1,528.65"",""1,531.88"",""1,42,44,669"",""21,82,11,67,498.85"",""2,54,566"",""1,03,73,959"",""72.83"""																			
"HDFCBANK,""EQ"",""29-Nov-2023"",""1,528.65"",""1,533.90"",""1,563.00"",""1,533.00"",""1,560.30"",""1,559.15"",""1,547.46"",""1,70,21,244"",""26,33,97,38,845.55"",""3,14,977"",""1,25,73,984"",""73.87"""																			
"HDFCBANK,""EQ"",""30-Nov-2023"",""1,559.15"",""1,569.15"",""1,572.45"",""1,542.15"",""1,556.60"",""1,558.80"",""1,555.55"",""3,47,45,720"",""54,04,86,90,749.35"",""3,52,886"",""2,41,27,159"",""69.44"""																			
"HDFCBANK,""EQ"",""01-Dec-2023"",""1,558.80"",""1,557.90"",""1,565.75"",""1,552.10"",""1,552.35"",""1,555.40"",""1,559.16"",""1,10,76,768"",""17,27,04,79,586.70"",""2,99,721"",""78,16,765"",""70.57"""																			
"HDFCBANK,""EQ"",""04-Dec-2023"",""1,555.40"",""1,588.00"",""1,612.00"",""1,573.65"",""1,609.15"",""1,609.40"",""1,592.26"",""2,53,31,228"",""40,33,38,20,531.20"",""4,41,679"",""1,89,92,621"",""74.98"""																			
"HDFCBANK,""EQ"",""05-Dec-2023"",""1,609.40"",""1,636.50"",""1,639.00"",""1,616.50"",""1,622.00"",""1,623.70"",""1,626.07"",""2,61,15,410"",""42,46,55,36,275.85"",""3,97,106"",""1,51,52,680"",""58.02"""																			
"HDFCBANK,""EQ"",""06-Dec-2023"",""1,623.70"",""1,638.45"",""1,638.45"",""1,616.65"",""1,626.30"",""1,627.80"",""1,627.41"",""1,93,06,530"",""31,41,95,73,681.05"",""3,40,998"",""1,12,06,777"",""58.05"""																			
"HDFCBANK,""EQ"",""07-Dec-2023"",""1,627.80"",""1,625.00"",""1,634.00"",""1,616.20"",""1,630.50"",""1,630.45"",""1,628.48"",""1,02,25,193"",""16,65,15,13,307.40"",""2,19,921"",""69,93,493"",""68.39"""																			
"HDFCBANK,""EQ"",""08-Dec-2023"",""1,630.45"",""1,630.45"",""1,655.00"",""1,630.45"",""1,653.00"",""1,653.20"",""1,648.92"",""1,68,64,019"",""27,80,74,18,190.95"",""3,72,167"",""1,25,03,238"",""74.14"""																			
"HDFCBANK,""EQ"",""11-Dec-2023"",""1,653.20"",""1,650.05"",""1,663.70"",""1,647.00"",""1,650.00"",""1,651.00"",""1,653.00"",""1,15,93,810"",""19,16,46,09,234.90"",""3,76,768"",""80,95,762"",""69.83"""																			
"HDFCBANK,""EQ"",""12-Dec-2023"",""1,651.00"",""1,654.20"",""1,656.25"",""1,631.85"",""1,634.45"",""1,634.60"",""1,645.41"",""1,82,90,738"",""30,09,58,21,186.80"",""3,86,854"",""1,25,47,290"",""68.60"""																			
"HDFCBANK,""EQ"",""13-Dec-2023"",""1,634.60"",""1,632.45"",""1,636.00"",""1,615.10"",""1,633.80"",""1,630.90"",""1,628.14"",""1,46,73,457"",""23,89,04,10,498.90"",""3,52,315"",""79,26,681"",""54.02"""																			
"HDFCBANK,""EQ"",""14-Dec-2023"",""1,630.90"",""1,646.00"",""1,658.95"",""1,645.00"",""1,650.45"",""1,650.15"",""1,651.03"",""1,75,86,183"",""29,03,53,47,300.80"",""3,45,239"",""1,24,01,147"",""70.52"""																			
"HDFCBANK,""EQ"",""15-Dec-2023"",""1,650.15"",""1,650.00"",""1,668.00"",""1,646.60"",""1,656.05"",""1,656.55"",""1,655.35"",""6,94,18,565"",""1,14,91,20,65,107.80"",""4,20,832"",""4,95,73,293"",""71.41"""																			
"HDFCBANK,""EQ"",""18-Dec-2023"",""1,656.55"",""1,660.70"",""1,664.70"",""1,650.95"",""1,652.50"",""1,655.70"",""1,657.78"",""90,07,377"",""14,93,22,77,614.85"",""2,58,215"",""57,29,288"",""63.61"""																			
"HDFCBANK,""EQ"",""19-Dec-2023"",""1,655.70"",""1,650.00"",""1,658.65"",""1,644.05"",""1,650.50"",""1,652.90"",""1,651.23"",""1,20,04,223"",""19,82,17,02,426.65"",""2,57,002"",""68,61,842"",""57.16"""																			
"HDFCBANK,""EQ"",""20-Dec-2023"",""1,652.90"",""1,658.00"",""1,668.95"",""1,644.45"",""1,644.75"",""1,657.00"",""1,662.23"",""1,71,16,260"",""28,45,12,45,154.05"",""4,15,287"",""1,14,01,194"",""66.61"""																			
"HDFCBANK,""EQ"",""21-Dec-2023"",""1,657.00"",""1,657.00"",""1,689.75"",""1,650.25"",""1,685.00"",""1,686.70"",""1,672.87"",""1,82,94,620"",""30,60,44,91,502.45"",""3,85,913"",""1,05,06,095"",""57.43"""																			
"HDFCBANK,""EQ"",""22-Dec-2023"",""1,686.70"",""1,683.60"",""1,685.90"",""1,667.10"",""1,668.70"",""1,670.85"",""1,675.74"",""2,42,89,425"",""40,70,27,11,527.50"",""4,50,284"",""1,71,51,697"",""70.61"""																			
"HDFCBANK,""EQ"",""26-Dec-2023"",""1,670.85"",""1,673.25"",""1,685.95"",""1,668.55"",""1,684.10"",""1,682.45"",""1,678.46"",""90,22,928"",""15,14,45,82,177.45"",""2,43,596"",""50,04,732"",""55.47"""																			
"HDFCBANK,""EQ"",""27-Dec-2023"",""1,682.45"",""1,681.50"",""1,706.50"",""1,678.60"",""1,702.10"",""1,703.30"",""1,695.87"",""1,35,04,539"",""22,90,18,80,536.75"",""3,21,373"",""91,79,567"",""67.97"""																			
"HDFCBANK,""EQ"",""28-Dec-2023"",""1,703.30"",""1,709.30"",""1,721.40"",""1,702.00"",""1,708.85"",""1,705.25"",""1,711.26"",""2,20,38,235"",""37,71,30,47,859.00"",""4,23,062"",""1,50,56,267"",""68.32"""																			
"HDFCBANK,""EQ"",""29-Dec-2023"",""1,705.25"",""1,697.00"",""1,714.90"",""1,696.00"",""1,708.65"",""1,709.25"",""1,707.51"",""1,25,05,713"",""21,35,36,50,105.25"",""2,64,143"",""91,95,603"",""73.53"""																			
"HDFCBANK,""EQ"",""01-Jan-2024"",""1,709.25"",""1,706.00"",""1,709.15"",""1,692.00"",""1,692.90"",""1,698.10"",""1,701.52"",""71,19,843"",""12,11,45,68,489.30"",""2,58,349"",""44,16,670"",""62.03"""																			
"HDFCBANK,""EQ"",""02-Jan-2024"",""1,698.10"",""1,698.80"",""1,702.80"",""1,688.70"",""1,697.50"",""1,699.10"",""1,697.43"",""1,46,21,046"",""24,81,81,49,211.10"",""3,34,886"",""86,90,628"",""59.44"""																			
"HDFCBANK,""EQ"",""03-Jan-2024"",""1,699.10"",""1,702.00"",""1,704.70"",""1,668.95"",""1,674.60"",""1,672.90"",""1,681.27"",""1,41,94,881"",""23,86,54,12,912.55"",""4,26,015"",""86,13,392"",""60.68"""																			
"HDFCBANK,""EQ"",""04-Jan-2024"",""1,672.90"",""1,678.00"",""1,694.95"",""1,670.70"",""1,690.85"",""1,690.85"",""1,681.98"",""1,33,67,028"",""22,48,31,29,792.50"",""3,35,934"",""94,57,028"",""70.75"""																			
"HDFCBANK,""EQ"",""05-Jan-2024"",""1,690.85"",""1,687.15"",""1,704.90"",""1,668.10"",""1,679.00"",""1,682.20"",""1,679.44"",""1,59,44,735"",""26,77,82,51,761.45"",""4,26,162"",""96,17,611"",""60.32"""																			
"HDFCBANK,""EQ"",""08-Jan-2024"",""1,682.20"",""1,678.50"",""1,682.35"",""1,660.00"",""1,662.90"",""1,663.45"",""1,671.84"",""89,99,235"",""15,04,53,04,192.30"",""3,68,430"",""56,43,830"",""62.71"""																			
"HDFCBANK,""EQ"",""09-Jan-2024"",""1,663.45"",""1,667.15"",""1,677.80"",""1,646.75"",""1,650.95"",""1,650.50"",""1,660.84"",""1,26,63,444"",""21,03,19,58,360.50"",""2,69,602"",""65,28,474"",""51.55"""																			
"HDFCBANK,""EQ"",""10-Jan-2024"",""1,650.50"",""1,643.00"",""1,659.95"",""1,641.40"",""1,656.00"",""1,655.95"",""1,653.21"",""80,57,912"",""13,32,14,22,833.20"",""1,73,498"",""53,76,758"",""66.73"""																			
"HDFCBANK,""EQ"",""11-Jan-2024"",""1,655.95"",""1,660.00"",""1,662.90"",""1,643.00"",""1,649.30"",""1,649.00"",""1,653.30"",""91,57,005"",""15,13,92,71,150.70"",""2,30,772"",""67,16,094"",""73.34"""																			
"HDFCBANK,""EQ"",""12-Jan-2024"",""1,649.00"",""1,652.00"",""1,656.00"",""1,633.60"",""1,643.95"",""1,641.20"",""1,645.10"",""98,86,776"",""16,26,47,60,030.85"",""2,78,690"",""59,97,002"",""60.66"""																			
"HDFCBANK,""EQ"",""15-Jan-2024"",""1,641.20"",""1,647.70"",""1,680.90"",""1,643.60"",""1,679.70"",""1,672.80"",""1,666.61"",""1,41,60,178"",""23,59,95,25,731.75"",""4,14,759"",""97,81,433"",""69.08"""																			
"HDFCBANK,""EQ"",""16-Jan-2024"",""1,672.80"",""1,673.00"",""1,683.65"",""1,658.10"",""1,678.00"",""1,679.15"",""1,672.44"",""1,26,61,250"",""21,17,51,43,184.95"",""3,47,404"",""70,75,982"",""55.89"""																			
"HDFCBANK,""EQ"",""17-Jan-2024"",""1,679.15"",""1,570.00"",""1,596.80"",""1,528.40"",""1,542.15"",""1,537.50"",""1,565.65"",""8,50,72,618"",""1,33,19,36,18,859.55"",""20,98,772"",""5,33,80,592"",""62.75"""																			
"HDFCBANK,""EQ"",""18-Jan-2024"",""1,537.50"",""1,494.00"",""1,515.00"",""1,480.05"",""1,490.00"",""1,486.15"",""1,495.03"",""8,05,35,465"",""1,20,40,26,78,844.55"",""15,82,497"",""5,59,33,202"",""69.45"""																			
"HDFCBANK,""EQ"",""19-Jan-2024"",""1,486.15"",""1,505.95"",""1,510.25"",""1,468.40"",""1,474.90"",""1,470.65"",""1,483.88"",""5,48,00,269"",""81,31,68,62,185.55"",""12,75,220"",""4,09,88,837"",""74.80"""																			
"HDFCBANK,""EQ"",""20-Jan-2024"",""1,470.65"",""1,483.20"",""1,495.70"",""1,476.00"",""1,480.65"",""1,478.85"",""1,483.92"",""1,29,20,293"",""19,17,26,37,247.30"",""4,03,196"",""47,71,146"",""36.93"""																			
"HDFCBANK,""EQ"",""23-Jan-2024"",""1,478.85"",""1,465.00"",""1,474.70"",""1,425.00"",""1,430.95"",""1,427.35"",""1,442.66"",""5,77,34,701"",""83,29,15,08,720.05"",""14,15,782"",""3,79,49,562"",""65.73"""																			
"HDFCBANK,""EQ"",""24-Jan-2024"",""1,427.35"",""1,380.25"",""1,458.45"",""1,380.25"",""1,456.30"",""1,455.90"",""1,435.74"",""4,30,02,202"",""61,74,01,25,439.00"",""8,17,417"",""2,74,74,718"",""63.89"""																			
"HDFCBANK,""EQ"",""25-Jan-2024"",""1,455.90"",""1,452.50"",""1,457.35"",""1,419.40"",""1,440.70"",""1,434.90"",""1,434.16"",""4,94,70,926"",""70,94,91,59,079.50"",""7,87,699"",""3,15,35,782"",""63.75"""																			
"HDFCBANK,""EQ"",""29-Jan-2024"",""1,434.90"",""1,448.05"",""1,462.80"",""1,445.80"",""1,456.80"",""1,454.65"",""1,454.14"",""3,28,22,749"",""47,72,87,90,185.85"",""6,94,082"",""2,37,04,142"",""72.22"""																			
"HDFCBANK,""EQ"",""30-Jan-2024"",""1,454.65"",""1,454.55"",""1,463.20"",""1,440.90"",""1,444.70"",""1,444.30"",""1,447.91"",""2,08,64,384"",""30,20,98,49,168.35"",""4,51,375"",""1,12,58,264"",""53.96"""																			
"HDFCBANK,""EQ"",""31-Jan-2024"",""1,444.30"",""1,439.50"",""1,474.95"",""1,436.80"",""1,462.65"",""1,462.55"",""1,462.25"",""3,28,80,520"",""48,07,95,51,289.50"",""5,48,526"",""1,98,99,886"",""60.52"""																			
"HDFCBANK,""EQ"",""01-Feb-2024"",""1,462.55"",""1,465.05"",""1,473.60"",""1,456.05"",""1,466.50"",""1,466.35"",""1,465.35"",""1,63,45,370"",""23,95,17,31,259.20"",""3,95,148"",""1,04,41,607"",""63.88"""																			
"HDFCBANK,""EQ"",""02-Feb-2024"",""1,466.35"",""1,475.00"",""1,480.85"",""1,442.05"",""1,445.90"",""1,446.15"",""1,461.81"",""2,24,33,877"",""32,79,41,41,061.40"",""5,47,098"",""1,18,94,099"",""53.02"""																			
"HDFCBANK,""EQ"",""05-Feb-2024"",""1,446.15"",""1,446.00"",""1,451.90"",""1,434.05"",""1,443.05"",""1,444.85"",""1,442.08"",""1,93,02,523"",""27,83,57,69,812.35"",""4,87,034"",""95,05,231"",""49.24"""																			
"HDFCBANK,""EQ"",""06-Feb-2024"",""1,444.85"",""1,445.55"",""1,449.70"",""1,432.60"",""1,443.55"",""1,444.10"",""1,442.11"",""2,05,37,870"",""29,61,79,40,997.40"",""4,10,774"",""1,23,54,485"",""60.15"""																			
"HDFCBANK,""EQ"",""07-Feb-2024"",""1,444.10"",""1,453.00"",""1,453.80"",""1,426.65"",""1,430.00"",""1,429.95"",""1,435.86"",""2,74,18,543"",""39,36,90,92,511.05"",""5,23,984"",""1,76,64,287"",""64.42"""																			
"HDFCBANK,""EQ"",""08-Feb-2024"",""1,429.95"",""1,429.85"",""1,438.95"",""1,400.50"",""1,407.25"",""1,403.05"",""1,415.51"",""3,45,53,062"",""48,91,02,44,009.15"",""7,97,559"",""2,23,15,085"",""64.58"""																			
"HDFCBANK,""EQ"",""09-Feb-2024"",""1,403.05"",""1,392.15"",""1,414.20"",""1,387.00"",""1,408.00"",""1,403.60"",""1,402.42"",""2,83,21,062"",""39,71,79,43,985.60"",""5,12,854"",""1,89,21,440"",""66.81"""																			
"HDFCBANK,""EQ"",""12-Feb-2024"",""1,403.60"",""1,399.65"",""1,413.65"",""1,383.35"",""1,392.40"",""1,390.00"",""1,394.91"",""1,72,23,906"",""24,02,57,25,748.70"",""4,86,804"",""1,11,02,019"",""64.46"""																			
"HDFCBANK,""EQ"",""13-Feb-2024"",""1,390.00"",""1,391.95"",""1,404.35"",""1,384.35"",""1,391.95"",""1,394.45"",""1,394.82"",""2,87,90,497"",""40,15,76,78,244.65"",""4,45,958"",""1,61,99,067"",""56.27"""																			
"HDFCBANK,""EQ"",""14-Feb-2024"",""1,394.45"",""1,376.00"",""1,391.50"",""1,363.55"",""1,384.95"",""1,384.05"",""1,373.20"",""4,56,60,405"",""62,70,09,16,687.85"",""8,83,690"",""2,49,52,955"",""54.65"""																			
"HDFCBANK,""EQ"",""15-Feb-2024"",""1,384.05"",""1,385.00"",""1,415.50"",""1,384.35"",""1,414.65"",""1,414.05"",""1,402.53"",""2,07,92,472"",""29,16,21,28,685.10"",""5,33,782"",""1,05,60,634"",""50.79"""																			
"HDFCBANK,""EQ"",""16-Feb-2024"",""1,414.05"",""1,423.90"",""1,427.70"",""1,408.45"",""1,417.05"",""1,419.90"",""1,417.97"",""1,60,87,871"",""22,81,21,94,900.15"",""4,02,453"",""88,20,734"",""54.83"""																			
"HDFCBANK,""EQ"",""19-Feb-2024"",""1,419.90"",""1,429.00"",""1,429.00"",""1,415.20"",""1,419.00"",""1,417.10"",""1,420.94"",""1,72,25,878"",""24,47,68,80,448.95"",""2,96,087"",""1,21,72,296"",""70.66"""																			
"HDFCBANK,""EQ"",""20-Feb-2024"",""1,417.10"",""1,415.00"",""1,457.25"",""1,411.80"",""1,453.00"",""1,454.30"",""1,443.09"",""2,80,66,754"",""40,50,28,22,506.55"",""5,18,597"",""1,79,63,922"",""64.00"""																			
"HDFCBANK,""EQ"",""21-Feb-2024"",""1,454.30"",""1,464.00"",""1,464.00"",""1,435.00"",""1,436.00"",""1,439.15"",""1,446.29"",""2,29,46,568"",""33,18,73,13,941.50"",""4,93,970"",""1,47,41,892"",""64.24"""																			
"HDFCBANK,""EQ"",""22-Feb-2024"",""1,439.15"",""1,417.75"",""1,428.80"",""1,412.20"",""1,422.00"",""1,419.55"",""1,419.78"",""2,52,80,441"",""35,89,27,43,575.45"",""4,77,326"",""1,42,39,980"",""56.33"""																			
"HDFCBANK,""EQ"",""23-Feb-2024"",""1,419.55"",""1,422.55"",""1,433.90"",""1,418.00"",""1,419.45"",""1,420.60"",""1,425.27"",""1,49,16,726"",""21,26,04,19,308.00"",""3,35,851"",""96,40,709"",""64.63"""																			
"HDFCBANK,""EQ"",""26-Feb-2024"",""1,420.60"",""1,413.55"",""1,434.85"",""1,413.55"",""1,421.95"",""1,422.30"",""1,426.02"",""1,17,53,435"",""16,76,05,78,868.05"",""3,81,979"",""71,60,171"",""60.92"""																			
"HDFCBANK,""EQ"",""27-Feb-2024"",""1,422.30"",""1,413.55"",""1,426.70"",""1,413.05"",""1,421.90"",""1,420.15"",""1,419.95"",""1,60,43,575"",""22,78,11,19,940.60"",""3,84,714"",""1,02,38,487"",""63.82"""																			
"HDFCBANK,""EQ"",""28-Feb-2024"",""1,420.15"",""1,420.15"",""1,424.20"",""1,404.00"",""1,406.15"",""1,409.40"",""1,414.58"",""1,26,60,993"",""17,91,00,38,294.10"",""3,02,672"",""82,85,620"",""65.44"""																			
"HDFCBANK,""EQ"",""29-Feb-2024"",""1,409.40"",""1,402.10"",""1,410.40"",""1,397.30"",""1,407.80"",""1,403.40"",""1,403.21"",""2,66,47,850"",""37,39,25,69,225.70"",""5,67,422"",""1,69,04,852"",""63.44"""																			
"HDFCBANK,""EQ"",""01-Mar-2024"",""1,403.40"",""1,400.00"",""1,432.75"",""1,400.00"",""1,429.30"",""1,430.75"",""1,419.53"",""1,73,69,449"",""24,65,65,07,108.45"",""4,30,030"",""1,09,39,226"",""62.98"""																			
"HDFCBANK,""EQ"",""02-Mar-2024"",""1,430.75"",""1,434.55"",""1,436.00"",""1,428.10"",""1,430.95"",""1,430.75"",""1,431.16"",""8,95,265"",""1,28,12,70,465.10"",""27,274"",""5,14,675"",""57.49"""																			
"HDFCBANK,""EQ"",""04-Mar-2024"",""1,430.75"",""1,430.95"",""1,437.00"",""1,424.30"",""1,432.00"",""1,432.70"",""1,430.81"",""1,78,08,237"",""25,48,02,70,998.65"",""3,20,401"",""1,35,14,118"",""75.89"""																			
"HDFCBANK,""EQ"",""05-Mar-2024"",""1,432.70"",""1,422.00"",""1,443.00"",""1,421.65"",""1,439.20"",""1,440.85"",""1,432.70"",""1,89,95,836"",""27,21,52,48,874.45"",""3,45,780"",""1,30,54,500"",""68.72"""																			
"HDFCBANK,""EQ"",""06-Mar-2024"",""1,440.85"",""1,433.55"",""1,452.85"",""1,433.55"",""1,442.85"",""1,442.60"",""1,444.30"",""2,12,04,765"",""30,62,59,70,319.20"",""4,29,803"",""1,10,03,451"",""51.89"""																			
"HDFCBANK,""EQ"",""07-Mar-2024"",""1,442.60"",""1,445.50"",""1,451.05"",""1,441.40"",""1,446.00"",""1,446.10"",""1,445.23"",""2,46,74,023"",""35,65,95,21,740.40"",""3,01,040"",""2,08,66,170"",""84.57"""																			
"HDFCBANK,""EQ"",""11-Mar-2024"",""1,446.10"",""1,430.00"",""1,445.95"",""1,423.00"",""1,427.00"",""1,427.80"",""1,431.56"",""2,52,65,547"",""36,16,91,85,792.10"",""4,00,746"",""1,89,64,859"",""75.06"""																			
"HDFCBANK,""EQ"",""12-Mar-2024"",""1,427.80"",""1,434.00"",""1,464.00"",""1,429.25"",""1,460.75"",""1,459.55"",""1,455.21"",""3,27,09,227"",""47,59,89,03,857.45"",""5,63,469"",""1,63,84,302"",""50.09"""																			
"HDFCBANK,""EQ"",""13-Mar-2024"",""1,459.55"",""1,465.50"",""1,471.60"",""1,450.10"",""1,459.70"",""1,460.40"",""1,461.57"",""3,15,33,727"",""46,08,88,10,985.45"",""5,55,367"",""1,78,16,086"",""56.50"""																			
"HDFCBANK,""EQ"",""14-Mar-2024"",""1,460.40"",""1,462.10"",""1,466.00"",""1,444.30"",""1,457.00"",""1,455.45"",""1,452.98"",""2,62,16,079"",""38,09,14,65,327.10"",""3,55,538"",""1,45,05,354"",""55.33"""																			
"HDFCBANK,""EQ"",""15-Mar-2024"",""1,455.45"",""1,450.00"",""1,459.30"",""1,442.25"",""1,454.70"",""1,452.65"",""1,452.16"",""7,18,06,902"",""1,04,27,52,32,909.40"",""4,23,259"",""5,07,94,310"",""70.74"""																			
"HDFCBANK,""EQ"",""18-Mar-2024"",""1,452.65"",""1,447.00"",""1,456.00"",""1,435.80"",""1,445.75"",""1,446.05"",""1,447.44"",""1,07,18,928"",""15,51,49,93,593.40"",""2,98,423"",""56,92,012"",""53.10"""																			
"HDFCBANK,""EQ"",""19-Mar-2024"",""1,446.05"",""1,435.50"",""1,452.40"",""1,435.50"",""1,449.95"",""1,449.35"",""1,445.73"",""1,80,91,797"",""26,15,58,72,952.15"",""3,57,501"",""1,13,20,260"",""62.57"""																			
"HDFCBANK,""EQ"",""20-Mar-2024"",""1,449.35"",""1,449.05"",""1,451.65"",""1,424.65"",""1,432.00"",""1,431.05"",""1,435.82"",""2,18,03,047"",""31,30,51,42,954.85"",""3,91,871"",""1,23,57,309"",""56.68"""																			
"HDFCBANK,""EQ"",""21-Mar-2024"",""1,431.05"",""1,442.60"",""1,451.25"",""1,438.30"",""1,445.40"",""1,445.75"",""1,445.43"",""1,44,61,430"",""20,90,30,15,204.35"",""2,61,033"",""89,47,572"",""61.87"""																			
"HDFCBANK,""EQ"",""22-Mar-2024"",""1,445.75"",""1,441.00"",""1,450.75"",""1,437.75"",""1,442.55"",""1,442.85"",""1,443.79"",""2,29,90,163"",""33,19,29,80,386.60"",""4,08,312"",""1,45,85,298"",""63.44"""																			
"HDFCBANK,""EQ"",""26-Mar-2024"",""1,442.85"",""1,427.20"",""1,437.95"",""1,422.15"",""1,424.90"",""1,425.40"",""1,430.24"",""2,84,22,145"",""40,65,04,67,046.25"",""5,19,149"",""2,05,03,182"",""72.14"""																			
"HDFCBANK,""EQ"",""27-Mar-2024"",""1,425.40"",""1,423.55"",""1,447.95"",""1,421.25"",""1,443.65"",""1,440.70"",""1,436.27"",""3,10,84,334"",""44,64,54,17,268.50"",""4,12,302"",""1,97,82,418"",""63.64"""																			
"HDFCBANK,""EQ"",""28-Mar-2024"",""1,440.70"",""1,440.70"",""1,460.50"",""1,440.70"",""1,447.00"",""1,447.90"",""1,451.60"",""2,77,96,071"",""40,34,86,58,115.25"",""3,70,836"",""1,68,28,698"",""60.54"""																			
"HDFCBANK,""EQ"",""01-Apr-2024"",""1,447.90"",""1,458.00"",""1,473.80"",""1,455.60"",""1,470.00"",""1,470.50"",""1,466.67"",""1,25,99,785"",""18,47,97,61,763.45"",""2,66,085"",""84,31,758"",""66.92"""																			
"HDFCBANK,""EQ"",""02-Apr-2024"",""1,470.50"",""1,465.15"",""1,494.85"",""1,463.25"",""1,479.55"",""1,480.15"",""1,483.23"",""2,06,12,723"",""30,57,33,59,203.20"",""3,15,849"",""1,09,60,586"",""53.17"""																			
"HDFCBANK,""EQ"",""03-Apr-2024"",""1,480.15"",""1,472.10"",""1,495.65"",""1,471.40"",""1,484.50"",""1,482.30"",""1,485.06"",""2,27,92,193"",""33,84,77,85,699.15"",""3,81,267"",""1,36,84,601"",""60.04"""																			
"HDFCBANK,""EQ"",""04-Apr-2024"",""1,482.30"",""1,504.00"",""1,530.00"",""1,504.00"",""1,529.00"",""1,527.60"",""1,520.65"",""4,44,67,533"",""67,61,97,06,935.10"",""6,38,189"",""2,56,19,874"",""57.61"""																			
"HDFCBANK,""EQ"",""05-Apr-2024"",""1,527.60"",""1,539.00"",""1,554.50"",""1,530.15"",""1,550.05"",""1,549.55"",""1,545.34"",""2,95,27,951"",""45,63,07,07,255.45"",""4,46,260"",""2,11,64,256"",""71.68"""																			
